Alter;Zivilstand;Säule 3a;lebensversicherung;pensionskasse;totalVermoegen;totalLohn;schaetzungObjekt;Eligible
64;68;100000;0;109368.5569;372218.1055;68040;507984.5702;1
72;51;130000;45000;207181.9836;638091.8683;109200;712664.4166;1
82;63;130000;0;80878.81724;517075.4024;68040;1593038.547;0
30;51;20000;0;200101.5673;557973.2439;171759.3893;1088717.334;1
87;51;130000;0;0;418718.7791;109200;541307.2816;1
42;63;40000;70000;0;484612.0328;109200;1150048.064;1
80;63;130000;0;178562.9138;365922.7973;109200;1249016.934;0
59;41;80000;0;44591.95679;96454.46754;38880;748687.1035;0
63;68;100000;0;0;301670.8329;68040;1100611.345;0
51;51;80000;0;42680.65368;374690.2945;123782.283;285079.7598;1
68;68;100000;0;0;139898.2738;109200;1858838.825;0
50;68;80000;0;656325.9376;860607.0312;171566.1486;556295.3465;1
57;68;80000;0;40864.84751;342717.8051;67200;1416262.657;0
28;68;0;0;651878.5085;921841.7541;175329.8167;700770.8296;1
77;63;130000;0;64179.40313;396451.7732;68040;1628276.001;0
71;63;130000;38000;39792.55325;376874.4484;67200;1227648.937;0
74;51;130000;0;79234.4963;280123.4434;68040;210021.2693;1
55;41;80000;0;78811.58126;429636.3316;68040;384677.3205;1
44;68;40000;0;944486.6009;1290459.959;109200;1396369.57;1
28;68;0;0;51333.24521;173490.9145;38880;69383.20773;1
60;41;100000;41000;153576.8206;489634.3027;109200;1252277.228;0
51;41;80000;27000;30531.05502;230787.4117;67200;576273.4384;1
41;68;40000;0;0;198745.5358;68040;311576.909;1
68;63;100000;50000;606844.8783;812125.6259;160824.4448;68959.95004;1
63;63;100000;0;0;374591.9446;109200;1186151.82;1
59;41;80000;82000;0;396811.2545;109200;1514757.74;0
62;51;100000;0;0;286790.9788;109200;293424.5083;1
26;68;0;0;0;304397.6541;109200;375639.6765;1
90;63;130000;47000;148849.7219;394053.5732;168484.5608;1361335.875;1
72;41;130000;52000;592304.7866;953875.3823;109200;347322.2395;1
30;41;20000;0;36989.03583;290527.1008;38880;1535438.319;0
61;68;100000;0;581423.5919;809690.2688;109200;524022.281;1
29;41;0;0;0;187634.1505;167917.0268;1548118.885;0
84;41;130000;78000;0;351803.4205;109200;1815986.557;0
37;63;20000;0;0;169599.8492;109200;1688374.043;0
40;63;40000;0;140326.6197;366796.6327;109200;106047.7118;1
59;63;80000;25000;28045.54242;83182.9343;114431.2382;69189.18903;1
87;51;130000;80000;0;375738.3938;109200;226227.5919;1
75;68;130000;0;0;312773.3046;68040;1170591.298;0
56;51;80000;0;54921.9294;214520.4582;68040;932646.3981;0
69;68;100000;68000;0;437852.706;157730.8314;1154449.942;1
34;41;20000;0;135948.0848;287564.3529;109200;1032710.137;1
87;51;130000;0;0;310142.9378;68040;1658432.563;0
53;68;80000;0;0;203900.1018;109200;1179591.974;0
81;63;130000;62000;793884.5101;982881.1905;157590.296;593148.8371;1
84;63;130000;0;0;208093.7237;68040;1634971.149;0
65;63;100000;0;52390.169;244582.0036;68040;1931697.81;0
60;63;100000;37000;32691.24704;131849.1206;115771.0628;801270.8091;0
34;51;20000;0;518095.4759;726487.2603;109200;1893164.449;0
71;51;130000;0;516572.9817;779199.0417;109200;262190.0239;1
48;63;40000;0;516371.0739;668409.1583;109200;1889706.826;0
88;63;130000;0;51486.35864;242915.4638;68040;1119465.918;0
67;68;100000;53000;510709.4694;868665.9449;109200;794023.2424;1
70;41;130000;0;63729.03272;257733.9433;68040;1402999.715;0
71;41;130000;0;125531.0735;357127.8988;68040;795019.2468;1
39;68;20000;0;41295.0385;153365.0747;38880;1376393.996;0
41;68;40000;0;0;288350.4476;68040;804116.4213;0
27;63;0;68000;0;325306.2421;170215.2458;271116.568;1
25;41;0;0;40940.10819;118600.323;38880;1060436.594;0
51;51;80000;0;488322.2573;672639.2125;173555.3665;1134381.093;1
29;68;0;0;482460.1092;716902.2192;109200;1305381.708;1
26;51;0;0;0;341459.1544;161676.7645;1336120.147;1
61;63;100000;0;474758.9628;730199.2108;109200;1886303.802;0
57;68;80000;0;0;312764.6057;68040;212335.7546;1
32;68;20000;0;0;322158.6011;109200;560163.3659;1
42;68;40000;0;47212.73399;291618.1817;68040;844017.1675;0
32;41;20000;81000;0;374042.775;109200;1885097.283;0
48;63;40000;87000;0;383429.6641;109200;207528.1927;1
39;41;20000;0;0;228408.679;109200;1046751.312;1
35;63;20000;26000;22754.39783;76481.80099;113995.579;688412.0123;0
35;51;20000;0;28379.73057;206172.4133;67200;171690.7878;1
78;41;130000;0;0;298281.996;68040;1203454.864;0
41;63;40000;35000;28098.86723;305309.4558;67200;218056.6544;1
68;41;100000;0;0;192947.7518;109200;211987.098;1
43;41;40000;0;110322.5031;352608.4768;68040;854260.8646;1
30;51;20000;0;21846.76759;209174.3688;67200;516225.2897;1
34;63;20000;0;0;287177.7076;109200;1734774.022;0
61;51;100000;0;0;146881.6562;68040;243107.9863;1
37;41;20000;0;433713.0122;569750.7398;109200;614967.2349;1
25;63;0;41000;107618.9164;346609.1218;109200;1999139.412;0
56;68;80000;0;26701.45705;133269.7931;67200;699423.2534;0
90;68;130000;44000;106742.732;393125.8147;183407.9348;1954076.505;0
52;41;80000;72000;0;342602.4748;173429.0289;1970776.524;0
76;63;130000;67000;0;353159.309;172535.6198;1277712.984;1
80;63;130000;0;0;179348.6533;109200;1522019.855;0
42;41;40000;0;103822.9129;385626.0618;68040;1053242.016;0
58;63;80000;0;41439.67089;146054.6762;68040;1106910.982;0
87;51;130000;0;0;218256.8472;68040;746944.9848;0
64;41;100000;0;0;299933.5162;109200;800448.8224;1
68;41;100000;0;0;170893.0871;68040;1425056.432;0
74;51;130000;0;51072.02128;186134.1607;68040;1244431.879;0
42;68;40000;68000;0;241947.9016;109200;926494.4023;1
84;68;130000;0;405179.8896;682293.1985;109200;1615343.972;1
84;68;130000;33000;25072.46677;178167.5444;67200;518907.015;1
63;63;100000;0;49213.66781;215073.3363;68040;1460606.98;0
40;51;40000;64000;588775.4924;792264.3897;172901.6454;532720.0464;1
46;41;40000;0;0;206761.6608;68040;940493.7808;0
79;63;130000;0;24287.98496;152885.9028;106688.2013;1794432.447;0
35;63;20000;70000;0;303113.4046;109200;1103322.037;1
46;41;40000;38000;24122.9543;217850.5781;67200;1936004.289;0
41;63;40000;0;96282.23552;231173.3233;109200;1865635.446;0
48;68;40000;27000;19043.89819;151159.0713;100177.1888;1163966.92;0
51;51;80000;0;0;196806.809;182762.7214;1196051.745;0
41;51;40000;0;94835.28629;337692.2089;68040;1524763.841;0
52;63;80000;0;378780.4417;487264.3696;109200;534201.6334;1
60;41;100000;40000;94377.75361;352217.9184;109200;1888229.429;0
78;51;130000;0;31391.77807;164607.5045;38880;1747814.507;0
38;51;20000;0;0;238077.9285;68040;1553439.989;0
34;41;20000;0;0;261412.3059;68040;1416385.219;0
43;68;40000;0;37180.50721;202779.4009;68040;499733.3943;1
38;41;20000;0;0;228132.2477;109200;888789.0172;1
67;51;100000;0;0;254769.4339;109200;355759.5018;1
37;51;20000;0;36856.15866;208500.2121;68040;822670.497;0
76;41;130000;68000;0;344641.3152;109200;902891.4548;1
63;41;100000;0;0;248570.9564;68040;1736887.669;0
51;41;80000;0;364735.5697;536064.3913;181874.7476;1309807.323;1
46;41;40000;52000;364639.3907;592660.295;109200;543798.9341;1
26;51;0;0;363872.0045;583152.9902;156746.2741;167316.0075;1
36;51;20000;61000;545521.516;773850.6396;175210.7793;534341.7716;1
76;63;130000;0;90384.10553;295384.5392;68040;1214806.256;0
26;68;0;0;361063.0301;556752.1407;183682.2259;857547.3796;1
27;63;0;0;44955.7831;226386.5317;68040;1112840.066;0
32;68;20000;25000;17961.13338;181897.8898;67200;1283317.135;0
76;41;130000;29000;17813.93166;69633.3896;122243.7465;1510194.859;0
85;68;130000;0;44291.90881;276247.109;68040;1306438.539;0
29;41;0;0;88273.45255;314666.8558;68040;1696358.909;0
90;41;130000;0;0;204611.0482;180421.6407;455490.6369;1
68;41;100000;69000;0;227152.7074;175746.8219;1236974.902;0
72;51;130000;69000;0;322746.4155;109200;1416794.355;0
29;63;0;65000;0;283419.5669;181328.8862;553218.8248;1
28;41;0;0;0;242882.0252;68040;882736.8494;0
71;41;130000;0;17362.16291;56383.48578;67200;346015.6009;0
63;63;100000;39000;21635.55735;253708.9822;67200;1562458.017;0
39;68;20000;0;43220.89353;288851.8715;68040;9245.00733;1
50;68;80000;48000;86330.4308;245847.9584;109200;1547012.042;0
80;68;130000;61000;516848.8997;835153.7492;109200;123810.1409;1
29;63;0;0;34266.48618;219674.2957;68040;1537727.86;0
68;41;100000;0;513336.3175;770635.1844;164336.5958;1806063.367;1
33;41;20000;0;0;151946.7931;68040;1481091.022;0
44;68;40000;76000;0;330808.5497;109200;547310.5582;1
42;68;40000;84000;0;298304.3601;109200;997073.6998;1
84;41;130000;0;27982.70771;213831.02;38880;6962.208019;1
83;63;130000;66000;0;260722.491;109200;500342.7658;1
58;68;80000;0;16733.92944;167284.2257;67200;286541.6909;1
50;63;80000;0;333995.1036;518274.864;109200;364689.7047;1
44;68;40000;0;27811.60902;174393.9755;38880;1751241.781;0
50;68;80000;34000;20834.78989;216831.6839;67200;1525855.063;0
65;63;100000;65000;0;245610.8715;109200;896135.6716;1
49;41;40000;25000;16486.08077;141759.6485;67200;1017891.542;0
46;51;40000;0;32833.96381;106538.3871;68040;546420.0954;0
78;68;130000;61000;490321.8951;742266.5125;109200;16176.84892;1
70;68;130000;0;81192.5247;299758.6716;68040;89653.75295;1
77;63;130000;0;81110.15859;302176.6956;68040;875923.8164;0
72;68;130000;0;0;276061.8582;68040;629500.6371;1
39;51;20000;88000;0;373162.633;109200;220351.2739;1
55;51;80000;0;19772.64219;191403.3186;67200;250755.7424;1
53;68;80000;0;0;242452.122;109200;572148.3778;1
51;51;80000;0;473943.8282;635142.4393;109200;155117.214;1
87;51;130000;0;31524.42787;99646.01618;68040;7068.283707;1
70;41;130000;0;78751.21355;156093.8223;109200;1509008.302;0
71;68;130000;57000;312625.6161;532236.2933;109200;1274105.523;1
27;63;0;0;25865.23351;163663.0868;38880;1975973.611;0
67;51;100000;0;0;187239.4302;68040;70883.31175;1
39;41;20000;42000;77029.54008;260510.4454;109200;1689693.579;0
50;63;80000;0;15274.29276;73496.65933;67200;1977907.764;0
74;41;130000;76000;0;223443.9013;109200;1348518.571;0
59;63;80000;27000;15022.07851;149148.2017;67200;849622.7625;0
52;63;80000;0;0;176519.9283;68040;1430635.714;0
56;41;80000;0;0;135562.4998;109200;1047543.092;0
71;68;130000;60000;440767.1668;619824.0213;165850.7159;940458.7219;1
80;41;130000;0;0;178505.2493;109200;271837.2882;1
34;63;20000;0;0;216648.8056;173738.3958;955489.4989;1
72;68;130000;73000;0;310711.1506;109200;1871404.357;0
40;63;40000;0;0;204184.9373;109200;1390511.107;0
32;68;20000;39000;17780.97669;200861.0701;67200;537120.6561;1
34;68;20000;27000;14174.50903;98915.79465;67200;1664359.919;0
67;63;100000;64000;423034.4075;628839.4059;109200;566354.8012;1
65;68;100000;0;281773.282;458159.864;109200;1238671.273;0
30;68;20000;0;0;267421.0501;68040;839812.5888;0
86;51;130000;0;0;127230.6256;68040;1576484.297;0
30;41;20000;0;0;199398.9745;68040;1545729.374;0
43;63;40000;0;17581.83998;135129.3181;67200;1721111.297;0
41;63;40000;0;0;202536.4816;168618.234;722135.7328;1
50;63;80000;71000;0;287048.3129;109200;1992426.517;0
74;51;130000;87000;0;338771.5076;109200;1952062.124;0
77;41;130000;0;0;162220.0907;109200;444911.5489;1
82;63;130000;0;23161.93104;93548.11588;38880;1904718.067;0
53;41;80000;0;0;196202.9391;109200;465174.2715;1
43;68;40000;0;276535.9568;462961.1943;109200;1638320.674;0
25;68;0;44000;69002.51037;182709.493;109200;1094695.005;0
88;51;130000;0;274402.2822;445733.8872;109200;1086484.86;1
39;41;20000;47000;68269.91239;236946.5167;178366.189;1445259.357;0
80;41;130000;0;0;215976.338;68040;680198.1863;1
89;51;130000;0;27186.68384;114286.1393;68040;1676961.091;0
32;41;20000;0;67140.31997;208101.4732;109200;1925867.643;0
51;41;80000;0;16761.54682;85194.07403;67200;38863.54004;1
62;41;100000;0;66288.18028;194390.7629;167398.4951;1974631.351;0
74;41;130000;0;0;228560.9464;109200;1828931.515;0
87;41;130000;0;0;193512.8253;109200;1022610.866;0
68;63;100000;59000;262753.0193;454525.4115;156538.3533;606231.7066;1
79;63;130000;0;392162.9741;583881.4873;109200;1961972.159;0
56;51;80000;0;0;153530.9357;109200;830640.5548;0
38;51;20000;0;260972.6835;374162.6598;162376.4562;618765.3333;1
63;51;100000;39000;16266.88118;172785.7488;67200;1076987.675;0
84;51;130000;0;0;183883.9909;68040;23490.87611;1
88;68;130000;0;16036.11111;162077.696;115938.8992;509266.6719;1
65;63;100000;0;63937.93228;153535.5901;180077.9078;562529.9687;1
38;68;20000;85000;0;248104.5961;109200;604664.4146;1
52;51;80000;0;25545.50065;154804.7169;68040;587163.821;1
62;51;100000;0;25423.67383;134419.9816;68040;1965797.259;0
58;68;80000;76000;0;302324.0665;109200;1601934.891;0
89;63;130000;0;0;121750.5186;68040;1834614.318;0
80;41;130000;38000;15750.55819;176880.6576;67200;1997749.391;0
74;41;130000;0;25090.04844;87068.09982;68040;1037648.084;0
72;51;130000;0;0;164689.2524;68040;1280797.352;0
44;63;40000;82000;0;256955.589;109200;554973.1029;1
57;51;80000;63000;363608.0237;547220.3204;109200;94195.06446;1
87;41;130000;0;0;232035.8032;109200;401373.9047;1
49;63;40000;0;0;197791.2948;160549.2134;744829.0921;1
83;68;130000;74000;0;247673.7579;109200;1955269.327;0
40;41;40000;0;59157.28707;233593.0948;68040;6626.06327;1
55;63;80000;0;0;176612.6559;109200;1874555.071;0
80;41;130000;0;0;218355.1841;109200;1257754.529;0
40;63;40000;0;19466.88144;149615.1844;38880;1816517.994;0
90;51;130000;0;0;166463.4757;109200;466483.964;1
88;63;130000;0;227222.6993;392091.966;109200;1478340.809;0
45;51;40000;52000;226153.8157;442048.3931;168870.3622;108827.9037;1
32;51;20000;0;13958.00808;113726.026;67200;285927.7899;1
39;41;20000;0;0;172578.5481;68040;1693631.235;0
78;41;130000;0;21971.11826;115610.5983;68040;216045.9024;1
41;41;40000;0;21899.15449;143636.8788;68040;1756087.484;0
65;41;100000;0;0;155167.9019;68040;93954.022;1
74;51;130000;0;54530.97174;118198.8648;163004.3615;521978.7527;1
82;41;130000;0;21585.78809;164237.0919;68040;1145759.751;0
55;63;80000;0;0;129537.2736;109200;581099.1108;1
35;68;20000;0;10751.31877;102965.329;67200;656536.4124;0
89;51;130000;0;0;209301.0366;68040;1794522.76;0
32;68;20000;0;0;187882.1877;109200;1507706.893;0
74;63;130000;0;13270.94168;132740.5822;100543.8991;1761598.475;0
57;41;80000;0;0;145453.6753;68040;432087.0132;1
66;68;100000;0;26464.54789;120766.2907;68040;334823.3004;1
48;51;40000;31000;13158.7754;102398.4944;67200;513588.916;0
42;41;40000;45000;52349.20764;198740.2945;109200;1106473.71;0
26;41;0;0;0;170094.3885;68040;1236080.266;0
88;51;130000;0;0;188410.4027;68040;146989.9698;1
84;63;130000;0;10302.14207;78403.10168;67200;1680637.461;0
80;41;130000;30000;12549.15105;146544.1767;67200;555143.3463;1
89;63;130000;0;25023.013;180982.0839;68040;886142.1395;0
48;51;40000;0;16529.38408;62817.22129;38880;73507.5127;1
58;41;80000;0;0;153555.5647;68040;1137780.88;0
39;68;20000;0;49146.47889;180146.9926;109200;1697334.519;0
50;41;80000;0;0;186796.3717;109200;1142349.241;0
48;68;40000;0;192959.078;296440.6837;109200;954385.7182;1
27;63;0;72000;0;238052.908;109200;1556190.31;0
27;63;0;0;285596.5704;427972.5303;159955.3417;990030.5877;1
89;68;130000;27000;9434.415915;123550.3903;99257.14376;1067580.17;0
65;63;100000;0;46913.72624;96880.59122;109200;1827696.331;0
73;68;130000;0;0;174346.93;68040;229263.5527;1
25;68;0;60000;276268.2243;518366.164;166097.8966;1800076.645;0
70;63;130000;0;0;145177.4753;68040;1631345.478;0
89;51;130000;61000;269977.7042;482587.6948;171088.3358;1137462.653;1
35;51;20000;43000;44577.97331;143570.8023;109200;1031849.253;0
83;41;130000;0;44523.2331;111738.8303;109200;1929803.779;0
30;51;20000;87000;0;237839.5366;160712.1317;1045528.534;1
41;41;40000;33000;11076.1107;117435.337;67200;1971786.257;0
64;51;100000;0;0;205113.0383;178747.5743;1726142.892;0
38;63;20000;43000;44085.99352;200394.0255;109200;1322898.553;0
30;68;20000;66000;0;222618.1226;157028.0411;254620.3627;1
57;68;80000;0;10973.79254;75541.20216;67200;652613.8175;0
47;41;40000;0;174302.3859;323908.4979;109200;663275.1745;1
77;41;130000;0;21716.51659;124803.4196;68040;1871103.195;0
71;63;130000;61000;258443.3787;471147.5721;109200;86145.88763;1
70;68;130000;77000;0;264754.4629;167066.1099;304569.3609;1
89;63;130000;0;0;180307.7323;68040;1371810.427;0
90;63;130000;0;0;176756.8174;109200;948381.6216;0
29;68;0;0;0;189124.341;109200;102650.5519;1
72;68;130000;0;41319.6517;106486.318;109200;1746672.339;0
58;51;80000;0;0;143759.0469;68040;314782.7143;1
58;68;80000;0;0;167946.2081;68040;965719.7259;0
81;68;130000;77000;0;276187.3165;109200;1893283.987;0
88;63;130000;31000;10155.07678;115373.9357;67200;551299.2877;1
83;51;130000;42000;40275.15388;141793.1388;109200;1534812.319;0
34;63;20000;0;160623.8129;259954.9138;109200;528061.7935;1
73;51;130000;0;13365.47939;45814.76257;38880;504825.3739;0
59;63;80000;68000;0;225372.5829;109200;338800.1423;1
50;68;80000;0;19902.75678;175094.8037;68040;728536.5996;1
57;51;80000;0;236063.3289;405562.5031;174185.25;1170168.597;1
87;51;130000;0;39199.10796;138572.5341;109200;119787.6725;1
84;63;130000;0;13035.67387;76972.8413;38880;228699.356;1
48;41;40000;34000;9580.112703;120650.8301;67200;1468017.343;0
39;51;20000;0;0;151449.8198;109200;606156.8555;1
28;41;0;0;12714.67909;56874.73591;38880;1271669.579;0
33;51;20000;0;0;184012.6783;68040;1076166.755;0
73;51;130000;0;151610.6067;269135.7043;109200;1494894.25;0
29;41;0;0;18941.56298;159629.0439;68040;1074519.354;0
51;51;80000;0;12621.17166;72836.31704;38880;1632735.817;0
74;51;130000;0;0;195183.6516;109200;1699912.748;0
53;63;80000;56000;150906.9989;328775.7595;181352.5347;896317.094;1
75;51;130000;0;14942.40678;106461.0627;68040;315433.1255;1
41;68;40000;0;0;203698.8624;174336.1657;1157180.031;0
85;51;130000;0;36410.76773;160364.4575;68040;947090.9286;0
50;63;80000;60000;217457.7958;437496.969;109200;1339016.024;0
88;68;130000;0;12014.42501;41273.11284;38880;845249.6267;0
27;63;0;0;17992.64737;115513.6621;68040;511028.6585;1
55;51;80000;0;0;143518.4119;109200;498461.4526;1
35;51;20000;0;0;179707.4069;68040;382514.2824;1
86;68;130000;0;142115.8231;233540.5588;109200;406100.1848;1
84;68;130000;0;213096.4845;357459.539;109200;1278152.579;0
77;63;130000;0;7046.787687;30057.81134;67200;1022716.091;0
86;63;130000;0;11729.69633;62614.30472;38880;25057.70157;1
75;41;130000;0;8763.656467;60334.34266;38880;40241.03065;1
69;41;100000;38000;8468.745705;131003.1992;67200;1348608.926;0
76;51;130000;49000;33805.15068;177666.9903;169769.4991;1230966.097;0
27;63;0;0;11219.69717;65475.4397;38880;1515243.579;0
33;63;20000;88000;0;253223.3692;109200;1811222.894;0
26;63;0;0;13412.8868;100863.3327;68040;389114.062;1
60;41;100000;0;0;143069.6729;109200;160855.9433;1
26;51;0;71000;0;240774.1437;109200;1761845.237;0
29;63;0;0;16680.58758;159515.0626;68040;1580748.242;0
25;63;0;0;16430.76075;131038.4655;68040;1594673.32;0
84;51;130000;0;0;148247.1629;68040;1640036.277;0
49;51;40000;0;129629.5977;263409.3714;109200;1430644.572;0
82;51;130000;0;6473.925396;22156.83815;67200;458271.5544;0
44;68;40000;0;10789.87566;42406.15795;38880;689945.9728;0
33;51;20000;0;16165.92726;116160.3185;68040;293731.5888;1
44;68;40000;0;192820.6075;316662.9323;109200;690715.7956;1
83;41;130000;72000;0;220484.9899;109200;1305078.225;0
37;63;20000;0;0;180042.6189;162911.0184;642751.4961;1
31;68;20000;0;0;183425.3964;68040;1058602.562;0
68;63;100000;41000;31690.83129;151272.461;109200;1765646.622;0
28;63;0;0;0;141148.6222;109200;1610743.199;0
88;51;130000;0;124983.6714;254988.1657;185407.5796;323373.7219;1
44;41;40000;0;0;182556.935;68040;1044450.905;0
54;51;80000;0;0;146759.6353;164885.6515;535123.0089;1
35;51;20000;0;0;153956.6124;68040;1631228.484;0
54;41;80000;0;0;144455.9217;68040;825918.7606;0
90;63;130000;0;30664.92127;82595.52387;109200;1280096.251;0
72;63;130000;0;7617.927622;40012.82494;67200;1929257.392;0
41;63;40000;0;0;179940.5672;109200;857378.034;1
48;63;40000;66000;0;195751.8396;109200;1500363.732;0
69;68;100000;0;0;165638.3397;109200;1580657.426;0
42;41;40000;0;11865.35883;86922.55266;68040;884449.4865;0
87;63;130000;0;29601.40932;184807.6096;68040;1749474.594;0
41;63;40000;63000;176789.9107;351891.8494;109200;289624.9161;1
70;51;130000;0;9774.16903;72217.14222;38880;515748.0543;0
28;63;0;0;0;177467.2136;164097.4405;386389.8927;1
43;68;40000;55000;115631.7921;299938.5829;109200;878161.5308;1
34;63;20000;53000;115113.0391;269829.7605;109200;1526838.617;0
28;63;0;0;0;147729.0436;68040;449291.7939;1
38;41;20000;0;0;169295.0327;109200;761138.1262;1
41;41;40000;0;27553.08515;180720.9413;68040;1412115.134;0
47;51;40000;28000;5486.077725;61878.73975;67200;38715.19338;1
79;63;130000;0;0;151782.0043;109200;412600.6861;1
74;68;130000;60000;161384.3779;367150.6548;109200;1288250.734;0
54;41;80000;0;10744.29292;100258.3426;68040;1537592.579;0
74;41;130000;0;0;150091.4488;68040;235652.1516;1
45;41;40000;0;10651.31983;78839.25029;68040;1977893.401;0
87;51;130000;0;5325.659913;21246.4738;67200;1394792.893;0
70;51;130000;0;8831.307241;70082.70225;38880;909381.3076;0
76;68;130000;0;0;140129.6874;68040;1116223.393;0
49;63;40000;76000;0;231160.7265;109200;890735.4526;1
48;41;40000;0;5254.855751;12130.7893;67200;1257841.896;0
59;68;80000;0;10417.01125;81903.49346;68040;1864492.582;0
40;41;40000;0;0;170891.3078;68040;1919626.204;0
56;68;80000;0;0;130495.4419;160978.5939;667637.3512;0
64;68;100000;0;0;120596.9182;109200;496768.5332;1
39;51;20000;0;25270.02607;90386.21749;109200;1556863.269;0
86;68;130000;0;5003.016668;12203.33523;67200;904702.9673;0
50;63;80000;40000;24724.15872;139231.5762;109200;222325.1762;1
57;68;80000;0;0;150829.2803;109200;367412.9036;1
60;68;100000;0;98726.78675;184430.5501;167322.7403;1328914.712;0
43;63;40000;28000;4919.38863;55076.71583;101637.282;22181.87385;1
38;51;20000;0;6114.447615;51993.93492;67200;1462437.264;0
28;51;0;0;0;175889.064;68040;1997396.654;0
46;51;40000;0;24149.30123;86814.91408;177118.8736;599461.3696;0
86;63;130000;0;94424.64943;201678.6847;170014.7009;1570385.885;0
40;63;40000;90000;0;230580.8522;158758.0618;1841043.805;0
66;68;100000;0;4668.197562;32138.85374;67200;1161918.104;0
69;41;100000;0;7585.867934;41749.53472;38880;527685.6888;0
50;68;80000;0;10973.92044;114378.3264;68040;2831.958338;1
75;41;130000;0;21678.48834;68229.25361;182183.4611;1129918.578;0
44;63;40000;51000;86690.07912;255793.7305;109200;1093686.582;1
52;63;80000;0;21427.38253;102517.6618;109200;351965.5104;1
38;51;20000;0;85637.90743;188598.1382;109200;1653654.687;0
87;68;130000;55000;85565.94366;251418.4792;185132.4431;860816.1892;1
84;63;130000;34000;5331.457942;87241.63058;101989.9576;1404993.028;0
89;51;130000;0;0;143980.201;68040;1740703.936;0
43;63;40000;0;10257.30967;105009.0834;68040;73721.14351;1
70;63;130000;0;9936.030665;106183.3091;68040;510702.8345;1
45;68;40000;0;4960.597266;63256.30431;67200;422389.9255;0
65;63;100000;0;4959.105127;56889.76519;67200;1323341.117;0
29;68;0;0;4953.157884;42266.0664;67200;215361.5687;0
33;41;20000;0;0;135488.8535;68040;453541.9279;1
52;51;80000;0;3824.857231;26865.38322;108002.8779;8108.333814;1
64;63;100000;0;0;109749.8777;68040;844368.9009;0
30;41;20000;0;9440.682902;116624.0585;68040;1981393.315;0
76;68;130000;46000;18313.41478;125215.9423;109200;1701022.031;0
59;63;80000;0;72662.60127;171624.4069;109200;45394.22766;1
64;63;100000;0;6004.029274;57768.6996;38880;1115114.263;0
72;68;130000;90000;0;249111.8187;109200;657792.8453;1
28;63;0;0;17935.34921;87668.9475;180920.4877;799839.6795;0
53;41;80000;0;4448.409641;35170.16362;38880;1890510.857;0
80;63;130000;76000;0;220655.1517;109200;1375976.298;0
67;68;100000;68000;0;175026.9592;109200;606545.3236;1
39;41;20000;0;0;150695.2933;109200;1586016.335;0
85;51;130000;0;0;106292.5342;165140.6122;1967428.293;0
36;63;20000;0;0;135159.8899;68040;869284.3942;0
88;51;130000;0;16939.11145;128447.2102;68040;1735619.577;0
34;51;20000;0;0;152663.3327;109200;1294164.087;0
90;63;130000;0;65028.30274;151022.2218;163595.6257;1896798.785;0
34;63;20000;30000;4061.348591;84974.46478;67200;1538513.77;0
81;68;130000;0;0;133945.3447;68040;63657.20733;1
86;63;130000;73000;0;227806.7706;109200;1935287.576;0
70;51;130000;89000;0;241804.1338;109200;1575273.661;0
85;63;130000;0;15482.61253;121871.8082;68040;1095025.06;0
56;63;80000;0;15324.36045;83513.48195;156514.5527;1593222.63;0
74;51;130000;0;0;141133.0041;68040;1969811.022;0
87;41;130000;0;0;127943.5331;109200;65699.38383;1
65;63;100000;0;3703.767959;39293.81528;100196.8043;1509576.441;0
87;41;130000;0;0;145371.2716;182865.5894;173842.9617;1
72;63;130000;0;58628.64327;158976.0537;184924.1879;160629.1633;1
44;51;40000;0;5773.983958;51461.88687;68040;955841.7454;0
37;63;20000;0;0;157203.1367;109200;1408863.841;0
28;68;0;0;14031.91163;74693.31682;109200;1200972.313;0
30;63;20000;0;55637.20151;162003.3941;109200;1840973.052;0
62;51;100000;51000;54517.15879;203225.0897;109200;1211537.008;0
44;51;40000;0;0;120926.4604;184862.6341;610602.183;0
73;51;130000;0;0;144658.7589;109200;1343503.92;0
86;68;130000;0;2631.40123;18067.24964;67200;157498.3705;0
83;63;130000;54000;52418.27239;191597.0139;109200;236999.3832;1
78;51;130000;78000;0;211646.5006;109200;724142.9335;1
45;51;40000;0;0;110845.9145;109200;383115.398;1
52;68;80000;0;3137.884619;36668.74097;67200;1999123.687;0
87;68;130000;0;12243.21977;74023.4244;109200;445216.7604;0
30;63;20000;46000;12132.80143;103797.3308;109200;954671.2183;0
30;51;20000;89000;0;242241.1676;174216.6406;48033.34955;1
38;68;20000;0;0;134661.6855;174371.3405;1645858.584;0
39;68;20000;0;0;141198.6457;166745.4782;827127.3212;0
58;41;80000;0;4606.806669;50823.55691;68040;1125132.123;0
31;68;20000;0;66456.15258;176477.2655;109200;430672.6839;1
77;41;130000;0;0;138112.5219;68040;899917.443;0
60;68;100000;66000;0;185723.5425;109200;3056.731691;1
65;41;100000;0;3462.076847;42531.41211;38880;133377.8418;1
35;63;20000;0;41313.34208;135361.2695;109200;137352.1297;1
33;41;20000;0;2014.69561;6497.04092;121701.6004;916878.0527;0
39;63;20000;0;4001.594789;53826.98971;68040;563876.5705;0
31;51;20000;0;2414.196842;30927.63084;67200;877112.7394;0
81;41;130000;34000;2388.169662;65403.03921;67200;701093.2748;0
63;68;100000;0;0;148559.5565;109200;76025.89439;1
64;41;100000;0;36915.70782;131037.3845;109200;1342284.886;0
25;63;0;0;0;108077.0184;109200;925931.7155;0
64;63;100000;0;0;137723.1324;183999.2667;1805711.897;0
62;68;100000;0;0;132550.1712;68040;1209749.817;0
40;41;40000;0;30471.71049;120134.0329;109200;1780535.906;0
29;51;0;0;0;105182.5114;109200;1396230.098;0
28;41;0;48000;7352.753073;97423.86848;182412.7083;254795.3183;1
61;63;100000;0;28073.71402;113299.3529;109200;1471602.401;0
53;68;80000;0;2283.79804;27923.26942;38880;1846611.795;0
81;51;130000;53000;26552.92519;172821.7734;109200;602637.6101;1
26;68;0;0;1324.184495;8421.697538;67200;1231467.04;0
70;41;130000;0;0;132058.3662;68040;202518.6526;1
30;63;20000;0;0;136743.1424;161477.4576;82602.73319;1
49;68;40000;0;37721.63382;149888.8522;159806.5304;1589554.608;0
80;51;130000;59000;22592.18945;165932.8817;109200;1746482.531;0
44;41;40000;0;0;135842.2352;68040;1995836.917;0
84;41;130000;0;0;137389.9055;109200;644699.3766;1
73;51;130000;78000;0;216829.4584;109200;1599167.4;0
44;51;40000;0;0;105985.8874;68040;1485856.026;0
70;63;130000;38000;1135.987304;60083.40301;111492.2438;1747749.729;0
77;51;130000;0;1124.476512;9645.309163;38880;507666.9424;0
55;51;80000;33000;1115.864734;59973.46088;67200;558260.5233;0
36;68;20000;0;2116.792075;88157.34012;68040;785068.407;0
27;51;0;71000;0;206761.6559;109200;446178.6027;1
69;63;100000;0;0;134454.6723;109200;1968529.428;0
26;68;0;31000;975.0706909;54549.55785;67200;1693594.76;0
69;68;100000;0;0;133313.9975;109200;511962.1315;1
38;63;20000;0;1194.791821;22609.64915;38880;291125.4399;0
26;68;0;0;3406.341875;108669.6991;68040;1104304.647;0
89;41;130000;0;12246.80091;93486.58508;183341.2986;1692936.847;0
77;68;130000;0;938.2858934;21989.46277;38880;180961.3113;0
56;41;80000;89000;0;219557.3299;109200;840383.4162;1
26;51;0;0;2711.516345;43543.60495;109200;1392995.303;0
83;41;130000;0;2097.266361;46141.80532;109200;629411.9478;1
80;51;130000;0;1862.019872;44925.5397;109200;236419.0282;0
30;68;20000;0;266.0698328;21971.17505;96283.5657;395154.2075;1
74;63;130000;31000;194.3618599;51930.00672;67200;1434745.248;0
90;63;130000;0;1273.519956;81598.78884;109200;1334798.401;0
80;68;130000;0;142.0090712;80415.13461;68040;942997.5839;0
54;41;80000;0;1325.020094;101758.2233;109200;966324.3766;0
39;41;20000;42000;106.1550847;82245.72881;109200;1394837.731;0
45;68;40000;0;37.34612619;40057.2877;171596.6833;234348.1852;0
36;41;20000;0;0;100238.8948;68040;1597633.65;0
60;68;100000;67000;0;167429.5557;109200;355903.2496;1
89;51;130000;0;0;130155.6063;68040;756366.5437;0
60;63;100000;84000;0;214788.8753;109200;1725571.662;0
52;63;80000;26000;158.9341991;27428.98957;67200;629470.9066;0
62;41;100000;90000;0;220808.178;109200;483288.2232;1
49;68;40000;40000;1110.237235;81943.34619;109200;1836754.857;0
56;51;80000;0;0;132489.4474;109200;285164.5931;1
66;63;100000;85000;0;215897.272;109200;1304367.028;0
29;68;0;0;400.9166332;22473.31238;67200;884379.5012;0
73;63;130000;0;11172.11923;113780.9388;109200;745518.2662;0
27;68;0;39000;499.9307635;60733.14014;67200;214502.4775;1
56;51;80000;0;565.947289;22816.40853;122754.7724;1086704.329;0
64;41;100000;0;905.7430361;24033.85199;38880;852736.0771;0
90;41;130000;0;2745.963457;46036.0682;109200;1076915.95;0
58;41;80000;0;0;132459.2159;68040;1404589.76;0
67;68;100000;0;0;134870.9449;109200;1705123.045;0
48;68;40000;0;0;100916.7309;109200;5459.617456;1
67;51;100000;67000;0;172700.6609;109200;1382614.603;0
73;41;130000;0;0;134054.5074;68040;1664877.668;0
41;41;40000;0;1023.906293;28665.59034;67200;446843.8264;1
44;63;40000;0;4176.115453;50061.75492;109200;1084573.762;0
61;63;100000;26000;865.0999916;34418.71596;67200;323297.4141;0
31;51;20000;82000;0;218140.5965;109200;524434.2715;1
47;41;40000;0;18198.64792;107049.6103;109200;930606.1606;0
47;41;40000;0;27401.31322;135455.4257;109200;1254318.338;0
39;63;20000;0;2372.544827;84595.18135;68040;761152.6274;0
61;63;100000;0;0;135679.2849;109200;686205.286;0
58;51;80000;0;2068.259164;46002.13335;68040;1946880.398;0
83;63;130000;0;1312.784548;9240.372871;38880;1957885.833;0
41;63;40000;0;2642.792651;88042.16962;68040;1636257.373;0
41;63;40000;0;2763.613338;84909.53517;68040;1934062.18;0
67;63;100000;0;2286.844847;44505.38685;68040;1660734.429;0
88;68;130000;0;2325.964488;53555.31;68040;714738.209;0
29;63;0;0;1460.932708;2981.444742;38880;849118.6183;0
46;51;40000;85000;0;219674.6591;109200;152757.0146;1
38;41;20000;0;23904.24925;109180.4654;109200;400512.0416;1
45;63;40000;0;3054.196895;84847.51678;68040;139052.7889;1
57;63;80000;89000;0;221756.2955;185109.2771;647514.1099;1
55;51;80000;0;0;133196.347;68040;1689974.168;0
35;68;20000;0;0;138233.0763;68040;1543795.28;0
60;63;100000;61000;39414.48767;209196.1604;109200;612643.2108;1
30;41;20000;0;0;101720.0995;68040;218064.3053;1
74;63;130000;0;27820.30606;109927.4325;109200;1353012.677;0
65;51;100000;0;0;132132.0998;109200;1347806.772;0
60;41;100000;68000;0;175143.0379;109200;1424015;0
44;63;40000;61000;43217.14187;211520.4872;109200;1616271.831;0
40;68;40000;0;3757.07998;93876.2048;68040;1881378.874;0
27;41;0;0;0;136601.5632;109200;234097.6871;1
63;51;100000;0;7664.141322;61422.5513;170268.6632;463544.5675;0
60;68;100000;25000;1548.97748;31236.42509;67200;1114741.4;0
88;68;130000;47000;7877.559938;102268.8485;109200;790724.6385;0
26;63;0;52000;31879.60829;174328.8686;109200;483533.567;1
56;63;80000;39000;2041.502967;63472.85787;67200;1316676.33;0
70;68;130000;0;0;132885.56;164045.8787;256749.2795;1
36;68;20000;0;2168.548008;12130.80224;38880;1349119.761;0
28;63;0;0;0;143755.8747;68040;1954661.869;0
26;63;0;77000;0;211743.9438;109200;261279.4008;1
48;68;40000;0;9506.379683;115519.3179;68040;1482057.879;0
30;41;20000;0;39090.30966;131294.8496;109200;717002.8996;0
30;63;20000;0;0;133192.2179;179079.3366;779810.3598;0
52;68;80000;0;10044.57317;116587.4743;68040;85200.85727;1
84;41;130000;42000;10044.57317;104131.0985;173758.3862;1103240.905;0
37;41;20000;0;0;144797.1113;68040;1904592.441;0
75;41;130000;0;3469.779131;36395.15324;38880;190647.728;0
32;68;20000;0;0;146019.4728;109200;32862.2612;1
47;68;40000;0;0;135569.2285;68040;1384644.655;0
53;51;80000;0;2674.767074;27305.93736;67200;1145504.153;0
75;68;130000;0;0;119397.0738;158277.6116;1197621.987;0
53;51;80000;0;0;110463.1065;176684.7155;1626015.53;0
70;68;130000;0;66838.82248;175339.1393;109200;1280066.992;0
78;51;130000;55000;46277.13679;196633.0895;162370.0964;69240.6295;1
76;51;130000;66000;0;184573.8128;165315.5582;126020.4146;1
33;68;20000;0;11749.27888;71908.31706;172132.5419;838088.7177;1
32;68;20000;0;4799.642284;48641.37838;68040;1083392.291;0
45;68;40000;0;0;146240.4657;68040;108672.8191;1
30;51;20000;0;4267.263876;36557.7434;38880;286937.2676;0
78;41;130000;0;77893.78742;186933.7191;109200;837963.4326;1
74;41;130000;0;4478.920346;31107.77283;38880;1850890.902;0
71;51;130000;45000;13448.44236;112820.4257;109200;753282.6965;0
88;41;130000;34000;3566.384521;73141.59472;67200;1043502.769;0
49;68;40000;0;0;137989.8783;109200;1617397.022;0
28;41;0;0;4955.893473;43521.52044;38880;689406.1368;0
50;68;80000;0;0;160112.283;109200;528675.5983;1
88;63;130000;0;15916.61203;136410.4933;68040;430613.8478;1
66;63;100000;90000;0;240168.975;109200;416352.7729;1
40;41;40000;0;16051.58673;123151.9657;68040;1438684.98;0
61;51;100000;0;0;146286.7585;165710.121;1567540.65;0
90;68;130000;0;8107.988947;111866.8766;68040;1758589.547;0
25;68;0;0;0;142209.1302;68040;422424.0872;1
60;41;100000;0;67191.64958;170579.8578;181426.3397;1443311.367;0
75;68;130000;0;16821.44557;70038.16439;109200;1789265.449;0
29;41;0;30000;4220.069627;80112.54426;98353.247;1803864.8;0
69;41;100000;0;0;106260.047;68040;794020.4344;0
47;68;40000;0;3421.962447;34577.40215;100130.7823;1047881.042;0
44;63;40000;61000;103189.393;294862.6792;109200;1735551.313;0
88;51;130000;0;4305.441337;44560.3655;67200;854223.6557;0
66;41;100000;0;4354.063776;51690.59988;67200;681649.9602;0
46;51;40000;52000;70160.24028;223034.9444;109200;1593342.06;0
37;68;20000;0;4414.495436;54314.30389;67200;1607073.404;0
46;68;40000;0;8920.437722;109019.6912;68040;1870914.597;0
50;51;80000;47000;17899.87891;113492.1469;171039.6725;1366905.066;0
52;51;80000;0;0;144465.313;109200;540515.2611;1
54;41;80000;71000;0;216344.1921;109200;990647.1904;1
63;41;100000;0;109774.0778;242194.5433;109200;798793.0789;1
65;41;100000;0;9348.937624;105172.9016;68040;138504.0654;1
44;41;40000;0;4745.51598;11945.20236;38880;837430.5016;0
80;68;130000;0;0;143046.519;109200;1989496.596;0
47;63;40000;0;7723.247109;79467.14199;68040;983821.8723;0
66;63;100000;54000;77327.28591;239853.6751;109200;1580244.087;0
77;63;130000;0;4858.172531;36704.36968;67200;1103856.514;0
69;63;100000;0;0;161295.325;109200;1867381.64;0
40;51;40000;0;8058.236745;63376.31525;68040;1531131.372;0
84;68;130000;0;10278.11436;127013.0876;68040;297943.5672;1
69;41;100000;0;8427.60528;69857.2499;68040;816775.2801;0
90;63;130000;0;0;160794.3228;175138.9964;1810886.07;0
27;63;0;57000;84753.87858;227333.9922;157277.3667;1263846.645;0
48;63;40000;64000;127775.9338;323246.3171;109200;278065.148;1
88;41;130000;0;0;150461.8404;68040;1731719.562;0
82;41;130000;0;0;154744.8958;109200;536407.3657;1
44;51;40000;73000;0;246753.7313;109200;1550081.098;0
39;63;20000;0;22511.35811;70327.1505;109200;1314400.613;0
64;68;100000;61000;136365.5429;308421.2893;109200;1929671.571;0
81;51;130000;0;0;141215.0541;68040;1461422.076;0
59;68;80000;0;7615.909681;38217.70413;38880;1138344.518;0
50;63;80000;0;92064.16962;190126.305;109200;1711467.506;0
50;41;80000;0;0;146846.4511;68040;1083949.454;0
77;51;130000;0;0;162510.6005;68040;1177774.873;0
41;63;40000;45000;23262.71442;152320.5396;109200;1772256.94;0
61;63;100000;0;0;126572.1139;68040;1199899.595;0
70;41;130000;61000;141420.0597;333697.0051;165015.1028;458008.9905;1
61;51;100000;0;0;145334.67;68040;1635603.758;0
47;51;40000;47000;23889.66891;133473.6925;109200;1661921.721;0
68;68;100000;0;7995.424767;46413.80854;38880;1854366.331;0
61;51;100000;65000;0;175522.9119;109200;730562.4268;1
41;68;40000;46000;24155.44031;126589.0765;173595.6766;1024519.425;0
83;63;130000;0;6084.178494;61527.80601;67200;924674.6748;0
33;51;20000;0;97903.46667;201062.0319;109200;1786252.945;0
85;63;130000;0;148926.1194;294628.8618;109200;888878.8236;1
65;41;100000;54000;99672.20649;272210.8199;163773.2726;837420.6936;1
70;41;130000;0;0;172690.2608;109200;237137.6426;1
80;63;130000;0;0;158055.8953;68040;678593.2565;1
26;68;0;0;25628.56594;71375.56216;109200;1142363.045;0
78;68;130000;39000;6428.43645;83611.70217;101691.4427;1750794.526;0
83;63;130000;0;8609.788438;76054.75227;38880;794362.2888;0
60;51;100000;0;10356.09785;56800.66404;68040;1478737.883;0
88;68;130000;0;8819.114328;59060.79034;38880;1735114.793;0
40;63;40000;0;0;150082.0541;182115.2823;836037.7741;0
82;68;130000;0;26854.59322;97143.11747;109200;515765.7848;0
41;51;40000;0;108569.111;209559.5649;109200;605861.2817;1
72;41;130000;0;0;119051.9822;68040;391194.1961;1
25;41;0;0;10918.16557;90707.19209;68040;1344718.402;0
70;41;130000;90000;0;232282.9642;109200;24059.82152;1
29;41;0;72000;0;213585.3;109200;1611905.441;0
45;68;40000;0;5549.924254;32906.07024;67200;1915107.504;0
77;63;130000;90000;0;228421.8506;109200;1065861.873;1
46;41;40000;0;28408.12385;86477.96326;160239.9865;395343.2193;1
38;51;20000;0;7139.014713;55204.28797;38880;596757.7937;0
77;41;130000;52000;114273.6892;301631.943;109200;1637115.459;0
39;41;20000;0;28895.66986;156783.0851;68040;1285865.443;0
56;68;80000;0;0;108768.3306;68040;1652041.357;0
82;41;130000;0;29483.57292;145268.7013;68040;1839450.406;0
32;41;20000;57000;119771.2436;292911.2388;169217.4731;726713.8262;1
66;68;100000;0;0;166456.7618;109200;1111267.585;0
78;63;130000;0;30309.70674;124971.8168;109200;56484.43767;1
61;41;100000;82000;0;254151.8972;109200;59845.39419;1
79;68;130000;0;30646.24821;160512.5451;68040;1320203.024;0
78;51;130000;84000;0;272749.8648;168534.8837;862155.6293;1
62;63;100000;0;10334.01986;49746.65096;38880;151113.8482;1
40;63;40000;0;0;187030.2315;109200;322859.4303;1
34;68;20000;36000;7783.341971;97326.07797;67200;1658190.407;0
35;41;20000;0;31145.90186;160073.0004;68040;1396560.516;0
84;51;130000;63000;189166.8262;374193.8064;109200;1460679.798;0
49;63;40000;80000;0;238370.1091;109200;329427.0864;1
45;51;40000;0;6460.061286;33648.2473;67200;150659.1421;1
70;63;130000;0;8103.427263;58249.78496;38880;1856372.67;0
41;51;40000;80000;0;252794.8641;183114.3036;1216688.332;1
85;68;130000;0;13296.34642;114225.5459;68040;1523319.26;0
39;68;20000;0;13341.94621;99763.68467;68040;1876746.635;0
25;63;0;0;13448.42531;65363.84527;68040;260437.0351;1
52;51;80000;32000;8435.40704;90224.37536;67200;896037.8748;0
49;63;40000;0;135144.5462;256478.3396;109200;840965.9071;1
34;41;20000;46000;34053.01641;134623.5802;172546.897;622969.2715;1
25;41;0;73000;0;237559.7973;109200;1432312.029;0
48;63;40000;0;0;158045.764;161555.2018;378672.473;1
75;68;130000;0;0;133256.9081;68040;844436.5828;0
71;63;130000;0;0;183079.9375;68040;1816564.661;0
57;41;80000;0;138505.6976;236356.5737;109200;1076891.977;1
51;51;80000;0;0;138557.3537;109200;1895935.341;0
60;63;100000;0;0;160455.6311;109200;1506467.915;0
86;41;130000;69000;0;226305.2812;109200;1854072.334;0
80;68;130000;0;0;155948.6859;109200;636124.8969;1
89;63;130000;0;9093.014341;64671.88651;100752.1404;1194095.056;0
46;63;40000;0;0;174198.5006;109200;528287.7314;1
44;63;40000;0;147971.15;271043.637;109200;791925.2044;1
49;41;40000;0;0;108655.8934;68040;289912.7737;1
72;51;130000;53000;150360.2789;316510.3021;109200;60478.48833;1
81;51;130000;43000;37857.03484;159121.9292;109200;896214.6394;0
57;68;80000;0;15171.46302;67123.71233;68040;413531.0084;0
41;41;40000;65000;0;190239.4429;180017.3829;339399.3527;1
33;63;20000;0;38091.855;177953.5415;68040;1304828.727;0
35;63;20000;0;0;159879.5206;68040;1729833.439;0
62;41;100000;0;0;146650.2252;109200;1939409.481;0
49;63;40000;0;0;181862.9867;109200;297314.076;1
58;41;80000;0;38955.93181;128408.0357;109200;372540.4399;1
78;63;130000;0;0;143503.1307;159846.4256;241360.0862;1
46;63;40000;0;0;177046.9599;68040;225950.4066;1
60;51;100000;0;159988.7582;300428.2445;109200;441782.6699;1
30;51;20000;0;0;205673.4555;168737.0806;745694.3424;1
68;51;100000;0;0;173449.6031;109200;1438617.279;0
50;51;80000;0;16426.42928;137219.8244;68040;1321684.616;0
69;41;100000;0;0;151670.7748;109200;1927022.959;0
72;41;130000;0;0;200851.6654;109200;1191586.574;0
84;41;130000;0;0;181646.4776;109200;395664.8955;1
50;68;80000;0;10423.53404;113260.9666;67200;1544984.051;0
51;51;80000;0;0;191773.2815;68040;1461723.763;0
89;51;130000;0;0;195722.9263;109200;960553.5298;1
35;68;20000;0;0;188859.7076;109200;683248.2508;1
45;41;40000;0;169865.1886;299234.1481;109200;3527.856449;1
28;41;0;0;42715.78291;94041.49723;179393.4734;1191720.286;0
88;63;130000;0;10743.10774;114195.2621;67200;847124.5031;0
50;51;80000;0;10849.77441;87132.05623;38880;63293.89937;1
80;41;130000;0;0;213406.4822;109200;473474.9506;1
82;63;130000;0;11035.1408;50752.33045;67200;1168802.954;0
46;41;40000;0;11187.29642;109456.5724;67200;1830602.591;0
31;68;20000;0;0;158533.6651;109200;1149768.143;0
80;63;130000;44000;46003.09467;154339.3484;185469.3794;1332449.682;0
81;51;130000;70000;0;211660.6501;109200;1038029.071;1
64;41;100000;0;23352.28544;116730.0635;68040;756783.1677;0
81;63;130000;69000;0;202999.6509;109200;1057721.27;0
34;51;20000;69000;0;247627.2063;109200;1149646.471;1
35;68;20000;0;47396.07107;123562.222;109200;1201521.631;0
31;68;20000;0;0;207717.4674;68040;979401.4582;0
51;41;80000;0;190762.6483;283757.0992;109200;936306.6908;1
38;68;20000;0;24010.57486;153260.7404;68040;1805611.256;0
71;63;130000;0;12058.17313;98178.8797;67200;77628.82046;1
82;63;130000;0;0;167812.613;68040;203996.5472;1
54;68;80000;0;0;202289.398;109200;109214.9908;1
30;68;20000;0;0;159243.1186;109200;1854860.879;0
78;68;130000;74000;0;229274.3166;109200;290068.3874;1
78;68;130000;0;0;200989.5823;161628.9387;1929800.152;0
87;68;130000;0;24865.5283;194707.8971;68040;233241.996;1
45;41;40000;0;10027.86121;105855.2743;67200;1858590.092;0
90;51;130000;0;200700.4696;373546.1915;166029.3977;828924.9128;1
73;41;130000;85000;0;243247.2691;109200;213201.0489;1
51;63;80000;0;20121.75173;119411.3434;68040;1056282.425;0
65;68;100000;0;20386.92628;85015.19888;68040;423168.2721;1
40;68;40000;0;17170.23679;97598.94001;38880;1544633.295;0
52;63;80000;26000;10309.40666;52956.4454;67200;883317.2146;0
57;63;80000;0;12948.57555;57808.59471;67200;1629931.056;0
74;63;130000;69000;0;270147.4685;109200;716704.4294;1
75;63;130000;0;20822.76751;111923.9424;68040;650090.7245;0
55;63;80000;0;17379.07951;55025.39685;38880;9148.911728;1
27;51;0;0;0;221006.8296;109200;147512.8567;1
88;41;130000;0;53054.35025;142288.499;109200;216020.7194;1
52;63;80000;0;13272.7962;107197.8988;67200;1635652.781;0
63;41;100000;0;318768.1159;504567.3746;109200;1790772.888;0
28;51;0;80000;0;293302.6955;161098.8729;184161.3;1
78;51;130000;0;53452.87946;127343.2564;109200;148911.3939;1
83;51;130000;0;13370.63793;46445.60858;67200;666893.8268;0
44;51;40000;0;0;191354.0595;68040;1455544.56;0
55;68;80000;85000;0;242730.8003;109200;1624865.66;0
42;41;40000;45000;54180.27627;236867.057;109200;887044.3112;1
38;51;20000;0;21701.9192;116098.0799;68040;564616.6644;1
31;41;20000;0;0;197237.8951;68040;506495.6454;1
67;41;100000;39000;13597.27264;140031.1611;67200;1789176.025;0
41;41;40000;0;27269.23753;156755.4374;68040;1689546.972;0
31;51;20000;0;327679.0039;481535.6071;109200;532523.8474;1
72;63;130000;0;13743.20391;57907.30678;67200;565543.5367;0
65;51;100000;0;0;159567.6757;109200;1525482.618;0
71;51;130000;34000;13822.11678;108965.2666;67200;641516.6523;0
77;51;130000;79000;0;250431.8439;109200;1901771.284;0
90;51;130000;0;0;212897.9589;109200;1927264.683;0
79;63;130000;0;0;216508.9636;68040;546176.5336;1
56;68;80000;0;18648.56358;89873.52378;38880;1543541.267;0
49;41;40000;0;28196.83687;173616.5224;68040;511831.0045;1
59;68;80000;34000;14237.74165;133295.2431;67200;125269.9505;1
87;68;130000;0;57765.76018;189627.4202;109200;832344.4981;1
52;68;80000;0;19273.27276;79444.23407;38880;1514019.527;0
90;41;130000;0;0;198783.6568;180659.8239;368893.1922;1
54;63;80000;0;19497.97479;120365.2128;38880;1490588.484;0
80;41;130000;30000;14709.17255;99573.66839;67200;1020392.145;0
59;51;80000;0;0;158674.4737;109200;632417.7921;1
67;51;100000;0;58891.4304;147404.4896;179712.7735;804760.1761;0
32;63;20000;42000;59196.50903;222831.0844;109200;1751082.148;0
78;41;130000;0;11845.54321;108876.6757;67200;623522.8555;0
75;41;130000;55000;237852.8734;439383.688;184756.7078;1244016.142;1
56;41;80000;0;23964.82159;154502.9027;68040;1199835.027;0
40;63;40000;0;15007.64313;129171.8718;38880;841416.9898;0
48;68;40000;0;15007.64313;53157.45387;38880;315092.4965;0
27;51;0;0;60244.24692;189547.4162;179729.0708;1707206.529;0
80;41;130000;0;60339.23228;146186.3687;109200;1406206.702;0
81;51;130000;0;15084.80807;58387.97934;67200;918558.3147;0
68;51;100000;0;0;242417.871;68040;1539988.703;0
33;41;20000;84000;0;230647.5997;162490.9801;1653300.017;0
42;41;40000;35000;15221.99966;112226.9034;67200;595373.9312;0
67;51;100000;0;0;232949.9731;157247.9721;924739.8897;1
46;51;40000;43000;61335.8111;202423.338;162756.6844;365435.2289;1
84;51;130000;45000;61568.5849;207378.9587;109200;460343.4206;1
70;68;130000;36000;15408.2187;166841.7602;121855.3278;1947698.368;0
55;63;80000;0;61632.8748;198519.0997;109200;209512.9112;1
43;68;40000;0;0;149229.1173;183236.6938;88576.8838;1
35;63;20000;0;0;206701.1431;167430.1808;1796528.759;0
88;51;130000;43000;62068.23855;178044.5782;109200;1468989.582;0
30;68;20000;0;0;164618.8003;68040;1154362.377;0
38;63;20000;0;25093.32262;89642.46293;68040;1968392.942;0
45;68;40000;0;31407.32474;206545.6133;68040;567941.5461;1
90;63;130000;0;20957.25904;134320.9908;38880;1206213.541;0
64;41;100000;0;0;212036.1673;109200;1945109.37;0
60;51;100000;50000;255158.2838;471553.2198;109200;1941649.515;0
59;68;80000;0;12832.19717;133280.3953;67200;394326.63;1
74;41;130000;0;257339.7069;385982.6183;109200;77625.8277;1
56;68;80000;0;32179.91207;206361.655;68040;144510.0211;1
42;68;40000;0;258236.0139;449383.9984;109200;874374.3514;1
66;41;100000;55000;259468.2655;523428.7535;161028.2386;1806663.296;0
66;63;100000;0;21722.59883;106777.1357;38880;477534.4983;0
56;63;80000;0;0;156717.0171;109200;1302977.134;0
56;51;80000;0;262719.5954;452167.2429;109200;1255857.797;0
56;51;80000;0;0;177847.0509;109200;668528.4454;1
51;68;80000;35000;16504.30193;156232.79;100233.7683;988939.6943;0
58;51;80000;0;0;213858.0682;68040;1403754.698;0
88;68;130000;0;0;230552.0702;68040;623879.3952;1
49;63;40000;0;0;197067.1393;68040;1148451.985;0
44;63;40000;0;0;159550.3539;109200;406512.8512;1
72;41;130000;0;0;151551.317;109200;959519.3644;0
90;41;130000;74000;0;243950.1258;175657.7327;556255.145;1
85;68;130000;0;67914.69787;165836.3807;170437.1009;1656614.592;0
46;51;40000;0;0;172787.9418;68040;1077682.482;0
61;68;100000;79000;0;306288.3291;157040.5135;593334.8192;1
31;68;20000;72000;0;267089.5615;109200;1806122.673;0
90;51;130000;0;0;194240.9536;68040;1706186.015;0
39;51;20000;0;34326.46167;151355.3962;68040;183718.9346;1
62;41;100000;0;0;195117.1494;159781.8729;684415.4673;1
79;63;130000;30000;17252.84449;96658.89685;67200;1634313.031;0
69;68;100000;0;0;208650.5393;109200;778814.8417;1
34;68;20000;0;69785.92637;274527.1825;68040;697212.0212;1
42;68;40000;0;69803.66152;193889.8759;68040;16308.03045;1
79;51;130000;0;0;261370.3927;68040;499670.8045;1
71;51;130000;42000;70051.78304;168763.974;171901.3388;197580.5118;1
59;63;80000;63000;421643.9038;649791.6247;109200;1920021.819;0
53;51;80000;0;28237.96876;122116.6533;68040;1466601.498;0
27;63;0;0;0;195144.8077;182103.4966;1304198.528;0
75;68;130000;0;0;232237.8479;68040;560687.4793;1
26;51;0;0;0;171522.0689;161068.8546;1384128.486;0
69;68;100000;0;289391.2097;513405.9057;109200;1445464.811;0
56;68;80000;0;18212.97246;130547.843;67200;1414932.519;0
27;41;0;0;29210.74156;163306.2132;68040;1270735.876;0
47;63;40000;0;0;241355.507;170024.5407;748123.8114;1
75;68;130000;0;18386.14594;109052.6362;38880;700999.1829;0
30;51;20000;0;0;261611.8907;183500.2199;1359315.406;0
52;63;80000;0;446869.4215;590588.1031;109200;1744404.928;0
87;51;130000;0;0;154679.5097;109200;995017.044;0
70;63;130000;0;0;169411.5005;109200;721073.4069;1
85;68;130000;0;0;275151.1027;68040;672103.9005;1
39;41;20000;0;25531.10789;181278.6868;38880;1989512.329;0
57;41;80000;0;0;205401.0554;184992.9807;874538.0845;1
62;41;100000;0;309092.2291;428988.2088;161976.8035;345706.1272;1
89;63;130000;0;19386.68959;177241.7289;67200;1533880.06;0
35;51;20000;0;15523.0623;152794.7585;103880.2623;852799.7158;0
42;41;40000;0;78067.55775;177725.3434;109200;657386.5679;1
70;63;130000;0;0;226637.028;68040;1101465.116;0
48;41;40000;79000;0;316570.7625;109200;1231526.202;0
41;51;40000;42000;80270.9792;271377.7887;165129.3222;1711600.52;0
27;63;0;77000;0;353830.3485;109200;1658670.825;0
81;68;130000;0;0;210650.0823;109200;1200905.036;0
89;63;130000;0;20210.73442;201113.0119;67200;562001.2808;1
65;63;100000;67000;0;214723.4781;109200;939463.5633;1
80;68;130000;44000;81440.4757;275436.5782;109200;1241566.078;0
35;68;20000;68000;0;265133.8922;109200;584194.5496;1
68;41;100000;0;20694.40086;87233.64838;38880;676451.4554;0
45;68;40000;32000;20866.72168;186142.9457;67200;1216174.043;0
53;51;80000;0;27921.94209;144192.9045;38880;920866.0352;0
30;41;20000;0;343591.1822;578658.491;109200;737268.4521;1
58;51;80000;35000;21725.12836;102447.8838;116081.1295;1837636.207;0
27;51;0;43000;87634.30515;244216.593;109200;38333.98881;1
70;68;130000;0;22011.1076;101702.6877;67200;1373384.731;0
49;51;40000;0;0;140309.3539;68040;213025.0921;1
36;41;20000;0;17654.69051;56044.72103;67200;569731.2087;0
32;51;20000;0;22244.22246;169611.3612;67200;1608750.611;0
77;68;130000;0;89935.09937;222179.7706;68040;1528252.796;0
33;51;20000;59000;361821.5487;588779.2251;109200;161620.5622;1
90;63;130000;0;361916.3635;526417.6967;109200;518634.4831;1
74;63;130000;0;543231.6357;820151.6937;166450.1508;703326.1448;1
43;51;40000;42000;90860.39654;198989.2347;175941.4655;602263.4725;1
68;63;100000;0;22874.2465;99080.90281;108167.6707;1382384.725;0
50;41;80000;0;23035.09916;60381.54821;38880;906353.0395;0
62;41;100000;0;30717.50143;143953.0472;38880;141991.7745;1
68;63;100000;0;0;161909.7271;109200;434342.9227;1
77;68;130000;0;0;165164.3387;68040;1055985.902;0
74;51;130000;0;0;152238.614;68040;1407410.068;0
30;41;20000;60000;564749.1435;897032.645;160635.792;1230177.116;1
63;41;100000;0;23788.80026;191100.2808;98266.2119;1617539.318;0
42;41;40000;0;0;166711.9756;68040;300277.8619;1
71;41;130000;0;0;310358.7277;68040;915246.6908;0
27;68;0;45000;96807.80977;271957.3211;109200;1020612.175;1
88;41;130000;0;96847.37279;293039.5305;109200;1471942.247;0
53;68;80000;0;0;233049.9568;109200;313213.5099;1
87;51;130000;0;96913.368;308367.117;109200;592196.2108;1
82;41;130000;46000;97218.2761;347097.9179;169534.8674;1718443.261;1
55;68;80000;46000;97231.57746;256221.0592;109200;405402.2913;1
74;41;130000;0;0;166893.5148;68040;852652.2548;0
69;63;100000;0;49727.21968;243935.8425;68040;1829418.099;0
86;68;130000;37000;24992.06175;235603.8027;114477.1098;498408.8537;1
71;51;130000;0;0;126434.1611;68040;1362508.588;0
42;41;40000;0;33826.95013;252557.5149;38880;1093755.725;0
60;41;100000;35000;25514.26803;239687.0606;67200;683942.0051;1
58;68;80000;0;0;197848.4737;68040;263104.756;1
47;41;40000;0;0;250154.0776;109200;1287698.081;0
90;51;130000;0;0;274185.3542;109200;1643192.209;0
83;51;130000;0;104047.6718;196525.4552;172710.9511;428614.9857;1
53;68;80000;0;41667.22647;246498.6545;68040;340494.2458;1
52;41;80000;45000;105002.3002;370023.9284;109200;1357934.668;0
58;41;80000;0;53111.98947;294210.6565;68040;1223652.961;0
67;68;100000;87000;0;280816.6638;109200;530997.2178;1
47;41;40000;0;35856.82862;129262.016;38880;375915.7502;1
58;63;80000;54000;433060.9045;649406.4036;109200;333505.3782;1
54;63;80000;0;0;260213.1129;109200;723943.6092;1
90;51;130000;0;55347.9822;174659.3703;68040;1855926.472;0
79;41;130000;0;0;153512.1752;109200;195531.9057;1
65;51;100000;0;37185.25932;84342.20559;38880;339947.0081;1
45;51;40000;0;111991.3122;336450.1559;109200;948574.9253;1
59;51;80000;0;686796.2838;868128.8169;109200;624221.4535;1
54;68;80000;0;0;188905.8578;109200;1313683.994;0
87;68;130000;0;0;245047.6124;109200;510888.7009;1
25;51;0;0;0;231330.3921;109200;9633.796691;1
58;68;80000;0;0;259722.2106;68040;333138.8021;1
74;51;130000;74000;0;326682.9812;109200;1811082.331;0
34;63;20000;0;698845.2697;940965.1021;109200;971075.027;1
73;63;130000;0;117677.132;331586.301;109200;1255336.834;0
48;68;40000;0;117814.5794;207791.0711;165874.822;890347.1845;1
67;63;100000;0;472366.0822;626581.6532;177316.1779;42045.3902;1
71;41;130000;0;0;183609.5118;109200;1523217.802;0
42;63;40000;0;119950.6414;372328.063;178024.1446;1739280.755;0
49;51;40000;0;120719.7329;342932.042;109200;553982.0909;1
33;63;20000;84000;0;330321.8633;109200;1393183.011;0
84;63;130000;51000;488754.722;716835.5294;157843.4959;964642.7348;1
52;63;80000;87000;0;272428.5921;109200;940930.3165;1
65;51;100000;0;0;288412.7767;68040;134631.1606;1
58;41;80000;0;31226.64793;136939.6003;67200;1317127.629;0
71;63;130000;0;0;241178.8479;168458.8714;1330641.253;0
61;68;100000;0;125811.4253;380631.7519;109200;1252128.162;0
67;41;100000;72000;0;330510.9533;109200;1630547.927;0
58;41;80000;0;50409.01669;157932.5986;68040;177418.4478;1
53;68;80000;0;0;178054.8102;183682.2545;1330278.821;0
50;51;80000;0;507800.9053;688575.4827;109200;966002.2385;1
54;63;80000;48000;127070.9618;306260.661;109200;1340424.976;0
26;51;0;0;128342.0943;318468.775;68040;226197.6491;1
37;68;20000;0;771544.3644;1030507.533;109200;1141340.552;1
90;41;130000;80000;0;422712.0606;158679.9655;940366.0322;1
27;51;0;0;64902.62194;316257.8987;68040;1162244.858;0
65;68;100000;0;0;260810.4873;68040;1275642.338;0
71;41;130000;0;0;265424.3955;109200;409356.965;1
43;51;40000;83000;0;438919.7283;172946.8273;364410.1871;1
66;68;100000;0;0;300042.511;68040;1581792.885;0
67;68;100000;0;0;201657.2832;109200;1719279.331;0
90;51;130000;29000;27025.08937;207877.4521;67200;912016.1735;0
73;51;130000;0;54355.4961;218488.5161;68040;825198.4526;0
75;68;130000;0;136007.4293;406854.7607;109200;1174818.99;1
73;63;130000;0;0;321832.3103;68040;1543279.51;0
54;51;80000;0;46481.54572;325371.1026;38880;164528.8741;1
88;51;130000;0;140260.4539;394908.7733;109200;1753784.858;0
89;51;130000;64000;842156.1688;1178779.421;175204.6899;397817.9512;1
67;51;100000;0;0;220429.0554;109200;1655451.43;0
72;51;130000;55000;563835.7834;873400.6602;109200;871066.3216;1
60;41;100000;0;141499.1857;286318.2878;109200;842705.4767;1
49;68;40000;0;0;218121.9384;109200;1279526.017;0
61;41;100000;0;0;360788.0765;109200;736511.9096;1
33;63;20000;0;0;238705.6887;174150.5824;712751.0618;1
50;41;80000;0;0;296778.4908;68040;1123273.304;0
77;63;130000;0;0;325405.0725;68040;1825260.255;0
68;63;100000;0;0;295307.9289;68040;1350894.689;0
43;41;40000;0;0;255319.03;68040;1350485.545;0
77;68;130000;0;0;229849.6882;68040;1131937.733;0
30;68;20000;0;0;296133.3195;68040;315413.9846;1
86;68;130000;69000;0;460820.5069;109200;1788314.234;0
26;63;0;0;0;307799.5132;109200;758884.8291;1
79;63;130000;0;149014.7952;483356.3447;109200;404266.879;1
49;63;40000;0;0;144720.8571;68040;793313.296;0
87;51;130000;58000;606490.1754;903434.7882;109200;398882.3796;1
67;63;100000;0;0;340456.5776;68040;1499978.708;0
83;63;130000;0;38129.71272;204946.7566;115245.4219;630955.088;1
37;41;20000;0;0;271302.6993;68040;1022802.663;0
36;68;20000;0;0;248004.7969;68040;1542479.774;0
89;68;130000;0;157466.2747;287935.2367;173317.0245;1901460.213;0
73;63;130000;88000;0;446819.709;109200;1753962.498;0
38;68;20000;0;40487.63458;338843.2381;38880;664337.0176;0
47;51;40000;0;974199.7928;1113015.273;109200;530903.0208;1
61;51;100000;90000;0;535590.6631;109200;1892088.052;0
72;63;130000;0;0;389108.0262;68040;294563.7983;1
67;51;100000;0;32866.77384;95768.02659;67200;378511.2062;1
65;51;100000;0;82261.74941;256741.6501;68040;461772.3125;1
50;63;80000;0;0;394094.8404;109200;1715487.256;0
77;63;130000;0;85170.99559;237199.8503;68040;422760.3619;1
36;63;20000;0;68630.1064;324578.9589;68040;1109459.68;0
65;51;100000;0;42953.16103;325398.8733;104035.2927;88528.99741;1
56;68;80000;0;0;182929.8792;173965.5977;1007879.421;0
36;51;20000;0;44447.6882;152465.8781;67200;1950916.358;0
26;68;0;63000;1068463.462;1439245.07;184929.9508;862010.4343;1
85;63;130000;0;183871.1796;539003.9931;109200;414131.046;1
26;63;0;47000;186914.8036;638200.7015;172933.0703;742694.7657;1
29;63;0;34000;48094.98932;410503.9052;67200;686009.2211;1
81;63;130000;57000;780499.2492;1256012.313;167409.0143;1615349.44;1
82;63;130000;59000;780499.2492;972116.5556;171758.8871;1844291.406;1
86;41;130000;46000;201127.4773;541778.1813;179004.5387;310448.6865;1
35;68;20000;90000;0;516739.0778;109200;161888.0517;1
79;51;130000;0;51114.05699;306956.5776;67200;231512.1668;1
52;41;80000;52000;818785.3382;1292458.704;109200;50032.47847;1
90;51;130000;0;83626.94643;490043.7142;68040;458750.2425;1
58;51;80000;0;108336.0985;211214.7223;68040;1042591.288;0
